{"version": 1, "pernic": {"lo": [[1755290747.3485885, 31518.970917595005, 31518.970917595005], [1755290807.350183, 73728.72832700146, 73728.72832700146], [1755290867.3515048, 116640.73769282938, 116640.73769282938], [1755290927.3526237, 161198.3794144344, 161198.3794144344], [1755290987.353929, 204746.16265541525, 204746.16265541525], [1755291047.3569474, 246769.41497468133, 246769.41497468133], [1755291107.3593495, 293400.4535699698, 293400.4535699698], [1755291167.3635693, 334839.71684933285, 334839.71684933285], [1755291227.3659368, 378298.63749680325, 378298.63749680325], [1755291287.381025, 422698.75400470535, 422698.75400470535], [1755291347.3822467, 466762.679974764, 466762.679974764], [1755291407.4272683, 511086.02250826027, 511086.02250826027], [1755291467.429669, 554730.8642121821, 554730.8642121821], [1755291527.4313285, 594117.3822775662, 594117.3822775662], [1755291587.432878, 642130.2687205458, 642130.2687205458], [1755291647.4340281, 686408.2217610634, 686408.2217610634], [1755291707.4357147, 724371.0571184088, 724371.0571184088], [1755291767.4373064, 772559.7120452229, 772559.7120452229], [1755291827.442717, 815744.9593652782, 815744.9593652782], [1755291887.4466312, 859765.6401282444, 859765.6401282444], [1755291947.4481657, 897090.7084850823, 897090.7084850823], [1755292007.450605, 947656.5202200876, 947656.5202200876], [1755292067.4532757, 991383.0047281407, 991383.0047281407], [1755292127.456442, 1028210.93058965, 1028210.93058965], [1755292187.4623177, 1079692.0278501483, 1079692.0278501483], [1755292247.463907, 1123539.972160542, 1123539.972160542], [1755292307.4665134, 1160372.2969493712, 1160372.2969493712], [1755292367.469176, 1211648.313298094, 1211648.313298094], [1755292427.471155, 1255406.2904775129, 1255406.2904775129], [1755292487.4789832, 1291143.9769418442, 1291143.9769418442], [1755292547.4806054, 1344238.5127137138, 1344238.5127137138], [1755292607.483158, 1384974.3301323524, 1384974.3301323524], [1755292667.4879155, 1428887.044522136, 1428887.044522136], [1755292727.4934337, 1471756.1550820447, 1471756.1550820447], [1755292787.4980743, 1515021.9397540528, 1515021.9397540528], [1755292847.5033443, 1559324.3210070368, 1559324.3210070368], [1755292907.5105124, 1602963.367850439, 1602963.367850439], [1755292967.5181756, 1646372.3775743018, 1646372.3775743018], [1755293027.5233254, 1688483.0693067478, 1688483.0693067478], [1755293087.5260875, 1731428.5545989939, 1731428.5545989939], [1755293147.5325801, 1777199.1223486664, 1777199.1223486664], [1755293207.5377283, 1820150.8963159455, 1820150.8963159455], [1755293267.543079, 1865012.0845766345, 1865012.0845766345], [1755293327.5493116, 1908275.460574547, 1908275.460574547], [1755293387.556701, 1951917.5383088677, 1951917.5383088677], [1755293447.562981, 2009930.9344885955, 2009930.9344885955], [1755293507.570545, 2038910.5756035731, 2038910.5756035731], [1755293567.5770593, 2083563.1120652244, 2083563.1120652244], [1755293627.5798502, 2126839.88996739, 2126839.88996739], [1755293687.587132, 2169332.6111666933, 2169332.6111666933], [1755293747.594535, 2212110.9502215106, 2212110.9502215106], [1755293807.6025944, 2256086.609862506, 2256086.609862506], [1755293867.6100373, 2300432.9892699346, 2300432.9892699346], [1755293927.6204863, 2346968.6393883377, 2346968.6393883377]], "wlp1s0": [[1755290747.3485885, 968.1172055677943, 847.5797972538611], [1755290807.350183, 626.4905071113349, 784.5566073924023], [1755290867.3515048, 304.9244727530216, 263.1925459868445], [1755290927.3526237, 460.97338823307757, 402.72390084309166], [1755290987.353929, 2009.994059514639, 1468.9011122877073], [1755291047.3569474, 618.8463284707782, 520.578300298634], [1755291107.3593495, 497.8181306195707, 467.5841426380728], [1755291167.3635693, 661.8490367275157, 285.81532082390214], [1755291227.3659368, 1164.55712827103, 1110.712539815869], [1755291287.381025, 3713.4371197373757, 2050.114404847461], [1755291347.3822467, 462.800145642822, 484.690747880691], [1755291407.4272683, 704.4715900476411, 573.2699476510139], [1755291467.429669, 294.96441991806574, 269.5494812923965], [1755291527.4313285, 527.8960269954508, 379.73566569435786], [1755291587.432878, 1686.1110806563659, 1149.7304383807127], [1755291647.4340281, 506.6353692541593, 526.8212826945903], [1755291707.4357147, 391.70032577009084, 297.7653830503853], [1755291767.4373064, 319.2599482007475, 257.81277648073893], [1755291827.442717, 393.02032428123294, 357.82958188839524], [1755291887.4466312, 2660.0060814273347, 1710.2846036772646], [1755291947.4481657, 556.6837684632267, 491.512557692489], [1755292007.450605, 653.609555382231, 318.0338186421308], [1755292067.4532757, 410.5064826332346, 261.71546281331496], [1755292127.456442, 600.724765094684, 508.20818395499674], [1755292187.4623177, 1663.5887365077488, 1134.162921616692], [1755292247.463907, 466.9034440056086, 338.5588776631813], [1755292307.4665134, 515.5001436613621, 307.6804852028667], [1755292367.469176, 319.8686233424294, 268.8805852717731], [1755292427.471155, 708.7233066877316, 546.682450474401], [1755292487.4789832, 1820.3965204311528, 1083.8703660118251], [1755292547.4806054, 477.8664808752879, 357.19901265588425], [1755292607.483158, 446.68297671094143, 303.42644625622484], [1755292667.4879155, 325.8784143068996, 269.83831942953185], [1755292727.4934337, 505.24602993886896, 507.5821778233667], [1755292787.4980743, 1555.7677490343724, 988.5175884330565], [1755292847.5033443, 533.9554606211159, 461.7265334577584], [1755292907.5105124, 408.8007825651195, 298.57508213086487], [1755292967.5181756, 329.05053448781973, 267.81095604236094], [1755293027.5233254, 1036.237339168216, 984.2683092173687], [1755293087.5260875, 1875.8922705014693, 1352.5426476650225], [1755293147.5325801, 407.5363454031007, 335.86867829584276], [1755293207.5377283, 500.9878675724208, 390.5161864583088], [1755293267.543079, 518.9478938274183, 501.1480638157993], [1755293327.5493116, 636.8688143717646, 354.2372384435936], [1755293387.556701, 1649.2004928671993, 1099.3100036030817], [1755293447.562981, 416.2998121025899, 339.45601270490215], [1755293507.570545, 394.05199871668475, 308.54940496565445], [1755293567.5770593, 406.666279592005, 468.6143050285423], [1755293627.5798502, 379.98997726591114, 343.0809901355382], [1755293687.587132, 2221.7521856678604, 1247.4355763964056], [1755293747.594535, 718.7795080843147, 514.6936791180076], [1755293807.6025944, 641.91427633592, 540.0210773938799], [1755293867.6100373, 236.3540530452462, 270.5380425893497], [1755293927.6204863, 563.0955471261516, 536.2765790536797]],